Job Title,Posted,Company,URL
Sap Ps Consultant,1 Day Ago,Yash Technologies,https://www.naukri.com/job-listings-sap-ps-consultant-yash-technologies-guwahati-assam-hyderabad-secunderabad-bangalore-bengaluru-3-to-8-years-040723006387
Security Delivery Associate,1 Day Ago,Accenture,https://www.naukri.com/job-listings-security-delivery-associate-accenture-solutions-pvt-ltd-mumbai-hyderabad-secunderabad-pune-chennai-bangalore-bengaluru-delhi-ncr-0-to-2-years-030723905197
Security Delivery Associate,1 Day Ago,Accenture,https://www.naukri.com/job-listings-security-delivery-associate-accenture-solutions-pvt-ltd-mumbai-hyderabad-secunderabad-pune-chennai-bangalore-bengaluru-delhi-ncr-0-to-2-years-030723903202
Security Delivery Associate,4 Days Ago,Accenture,https://www.naukri.com/job-listings-security-delivery-associate-accenture-solutions-pvt-ltd-mumbai-hyderabad-secunderabad-pune-chennai-bangalore-bengaluru-delhi-ncr-0-to-2-years-300623904516
Haskell / Plutus Developer,5 Days Ago,Emurgo,https://www.naukri.com/job-listings-haskell-plutus-developer-emurgo-academy-kolkata-mumbai-new-delhi-hyderabad-secunderabad-pune-chennai-bangalore-bengaluru-0-to-4-years-290623501125
Sap Pp Consultant,4 Days Ago,Yash Technologies,https://www.naukri.com/job-listings-sap-pp-consultant-yash-technologies-guwahati-assam-bangalore-bengaluru-4-to-9-years-300623006300
Security Delivery Associate,5 Days Ago,Accenture,https://www.naukri.com/job-listings-security-delivery-associate-accenture-solutions-pvt-ltd-mumbai-pune-chennai-bangalore-bengaluru-delhi-ncr-0-to-2-years-290623908602
Kubernetes+Docker SME,2 Days Ago,HCLTech,https://www.naukri.com/job-listings-kubernetes-docker-sme-hcltech-noida-kolkata-hyderabad-secunderabad-pune-ahmedabad-chennai-bangalore-bengaluru-delhi-ncr-mumbai-all-areas-10-to-13-years-280423005153
Scrum Master (PAN India - TechM Office) - WK,1 Day Ago,Tech Mahindra,https://www.naukri.com/job-listings-scrum-master-pan-india-techm-office-wk-tech-mahindra-noida-uttar-pradesh-hyderabad-secunderabad-pune-ahmedabad-gurgaon-gurugram-haryana-chennai-bangalore-bengaluru-delhi-ncr-mumbai-all-areas-5-to-10-years-270623009156
"IBM Integration Bus, IIB (PAN India TechM Office) - WK",1 Day Ago,Tech Mahindra,https://www.naukri.com/job-listings-ibm-integration-bus-iib-pan-india-techm-office-wk-tech-mahindra-noida-uttar-pradesh-hyderabad-secunderabad-pune-ahmedabad-gurgaon-gurugram-haryana-chennai-bangalore-bengaluru-delhi-ncr-mumbai-all-areas-6-to-11-years-270623009078
Python Backend Developer (PAN India) - MC,Just Now,Tech Mahindra,https://www.naukri.com/job-listings-python-backend-developer-pan-india-mc-tech-mahindra-kolkata-hyderabad-secunderabad-pune-ahmedabad-gurgaon-gurugram-haryana-chennai-bangalore-bengaluru-delhi-ncr-mumbai-all-areas-7-to-12-years-270623004204
Pro C Developer,1 Day Ago,Cognizant,https://www.naukri.com/job-listings-pro-c-developer-cognizant-kochi-cochin-kolkata-mumbai-hyderabad-secunderabad-pune-ahmedabad-chennai-coimbatore-bangalore-bengaluru-5-to-9-years-240423005967
Employee Experience Design Manager,1 Day Ago,Accenture,https://www.naukri.com/job-listings-employee-experience-design-manager-accenture-solutions-pvt-ltd-kolkata-mumbai-hyderabad-secunderabad-pune-chennai-bangalore-bengaluru-delhi-ncr-5-to-9-years-190123907229
CN - Strategy - MC - Comms & Media - Networks - 09,2 Days Ago,Accenture,https://www.naukri.com/job-listings-cn-strategy-mc-comms-media-networks-09-accenture-mumbai-hyderabad-secunderabad-pune-gurgaon-gurugram-bangalore-bengaluru-delhi-ncr-1-to-6-years-130223904099
Sap Fico Consultant,Just Now,Allegis Group,https://www.naukri.com/job-listings-sap-fico-consultant-allegis-group-hyderabad-secunderabad-pune-maharashtra-ahmedabad-chennai-tamil-nadu-bangalore-bengaluru-mumbai-all-areas-6-to-11-years-050723003940
CN - Comms & Media - Japan Bilingual - Manager,1 Day Ago,Accenture,https://www.naukri.com/job-listings-cn-comms-media-japan-bilingual-manager-accenture-solutions-pvt-ltd-mumbai-hyderabad-secunderabad-pune-gurgaon-gurugram-bangalore-bengaluru-delhi-ncr-2-to-7-years-040723906766
job Openings on SAP BASIS,1 Day Ago,Essenware Private Limted,https://www.naukri.com/job-listings-openings-on-sap-basis-essenware-private-limted-kolkata-mumbai-new-delhi-hyderabad-secunderabad-pune-chennai-bangalore-bengaluru-7-to-11-years-040723501365
SECURITY CONSULTANT,1 Day Ago,Atos,https://www.naukri.com/job-listings-security-consultant-atos-pvt-ltd-kolkata-mumbai-new-delhi-hyderabad-secunderabad-pune-chennai-bangalore-bengaluru-4-to-7-years-040723500865
Technical Lead - Denodo,1 Day Ago,Citiustech,https://www.naukri.com/job-listings-technical-lead-denodo-citiustech-mumbai-hyderabad-secunderabad-pune-chennai-gurgaon-gurugram-bangalore-bengaluru-6-to-11-years-040723500514
Technical Lead - .Net,1 Day Ago,Citiustech,https://www.naukri.com/job-listings-technical-lead-net-citiustech-mumbai-hyderabad-secunderabad-pune-chennai-gurgaon-gurugram-bangalore-bengaluru-8-to-10-years-040723500513
